epoch,step,val_loss,val_mse,val_norm_pen
0,8,0.34645193815231323,0.23204036056995392,1.144115924835205
