,MAE,RMSE
15,0.0544069145512885,0.06961394925732979
30,0.05182723241012331,0.06728086336688988
60,0.05431711898478619,0.06930738775607831
120,0.05768634110756142,0.07151658308483012
360,0.05523898620505638,0.06413958451170197
1440,,
