epoch,step,val_loss,val_mse,val_norm_pen
0,8,0.5690672993659973,0.4678855240345001,1.0118184089660645
