,MAE,RMSE
15,0.022967310137218762,0.02892624419596951
30,0.023012438829630902,0.028786405063532316
60,0.024162826970280948,0.029992540848664085
120,0.028928993631226425,0.03494169296054704
360,0.05932480587067734,0.06782935491772013
1440,0.16326106543752497,0.1810235163897023
