epoch,step,val_loss,val_mse,val_norm_pen
0,8,0.34219974279403687,0.17279759049415588,1.6940217018127441
