,MAE,RMSE
15,0.35746716859997535,0.4514353125625419
30,0.3380968432341303,0.4279608133472296
60,0.3985633716938343,0.4839235399853098
120,0.3817381929866103,0.4596761189850717
360,0.39135472752429823,0.49183399612529266
1440,,
