,MAE,RMSE
15,0.35319399886897634,0.428014868558376
30,0.3578758331737956,0.4349485170214623
60,0.36290442507634774,0.4448546838214712
120,0.3579674558930619,0.4407541548952821
360,0.32842021739041366,0.42747749877926855
1440,,
